,precision,recall,mean_reciprocal_rank,hit_rate,ndcg
0,0.74733335,0.2090955,0.74733335,0.74733335,0.14839849
1,0.6390666,0.8823817,1.0869557,1.6480002,0.2034339
2,0.5335999,1.4358164,1.1159426,1.8586656,0.30634376
3,0.35496673,1.9022177,1.1232736,1.9559994,0.46267363
4,0.24411102,1.9618882,1.1235442,1.9619993,0.5837293
5,0.18310001,1.9619993,1.1235442,1.9619993,0.67932534
6,0.14647993,1.9619993,1.1235442,1.9619993,0.75640243
