,precision,recall,mean_reciprocal_rank,hit_rate,ndcg
0,0.111333326,0.040730946,0.111333326,0.111333326,0.04721111
1,0.10279999,0.19139363,0.21093334,0.404,0.075561985
2,0.09906665,0.36605874,0.23827063,0.6126668,0.1119493
3,0.09129998,0.6724937,0.25238952,0.81733316,0.1693534
4,0.0769111,0.86399674,0.25548825,0.8913333,0.21868993
5,0.060083337,0.9046667,0.25590104,0.9046667,0.26309493
6,0.04806665,0.9046667,0.25590104,0.9046667,0.30177385
